-- Adminer 5.2.1 MySQL 8.0.31 dump

SET NAMES utf8;
SET time_zone = '+00:00';
SET foreign_key_checks = 0;
SET sql_mode = 'NO_AUTO_VALUE_ON_ZERO';

CREATE DATABASE `astromen` /*!40100 DEFAULT CHARACTER SET utf8mb3 */ /*!80016 DEFAULT ENCRYPTION='N' */;
USE `astromen`;

CREATE TABLE `astro_tab` (
  `id` int NOT NULL AUTO_INCREMENT,
  `f_name` varchar(20) CHARACTER SET utf8mb3 COLLATE utf8mb3_czech_ci NOT NULL,
  `l_name` varchar(20) CHARACTER SET utf8mb3 COLLATE utf8mb3_czech_ci NOT NULL,
  `DOB` date NOT NULL,
  `skill` varchar(45) CHARACTER SET utf8mb3 COLLATE utf8mb3_czech_ci NOT NULL,
  PRIMARY KEY (`id`)
) ENGINE=InnoDB DEFAULT CHARSET=utf8mb3 COLLATE=utf8mb3_czech_ci;

INSERT INTO `astro_tab` (`id`, `f_name`, `l_name`, `DOB`, `skill`) VALUES
(1,	'L<b>ajk</b>a',	'pes',	'1954-09-11',	'Nejdelší pobyt na oběžné dráze'),
(2,	'Homer',	'Simpson',	'1961-05-11',	'Pojídání chipsů v beztížném stavu'),
(9,	'Jurij',	'Gagarin',	'1934-03-09',	'Pěrvyj v kosmose'),
(25,	'Jméno_1',	'Příjmení_1',	'1988-08-01',	'Zabírá místo'),
(26,	'Jméno_2',	'Příjmení_2',	'1988-08-01',	'Zabírá místo'),
(27,	'Jméno_3',	'Příjmení_3',	'1988-08-01',	'Zabírá místo'),
(28,	'Jméno_4',	'Příjmení_4',	'1988-08-01',	'Zabírá místo'),
(29,	'Jméno_5',	'Příjmení_5',	'1988-08-01',	'Zabírá místo'),
(30,	'Jméno_6',	'Příjmení_6',	'1988-08-01',	'Zabírá místo'),
(31,	'Jméno_7',	'Příjmení_7',	'1988-08-01',	'Zabírá místo'),
(32,	'Jméno_8',	'Příjmení_8',	'1988-08-01',	'Zabírá místo'),
(33,	'Jméno_9',	'Příjmení_9',	'1988-08-01',	'Zabírá místo'),
(34,	'Jméno_10',	'Příjmení_10',	'1988-08-01',	'Zabírá místo'),
(35,	'Jméno_11',	'Příjmení_11',	'1988-08-01',	'Zabírá místo'),
(36,	'Jméno_12',	'Příjmení_12',	'1988-08-01',	'Zabírá místo'),
(37,	'Jméno_13',	'Příjmení_13',	'1988-08-01',	'Zabírá místo'),
(38,	'Jméno_14',	'Příjmení_14',	'1988-08-01',	'Zabírá místo'),
(39,	'Jméno_15',	'Příjmení_15',	'1988-08-01',	'Zabírá místo'),
(40,	'Jméno_16',	'Příjmení_16',	'1988-08-01',	'Zabírá místo'),
(41,	'Jméno_17',	'Příjmení_17',	'1988-08-01',	'Zabírá místo'),
(42,	'Jméno_18',	'Příjmení_18',	'1988-08-01',	'Zabírá místo'),
(43,	'Jméno_19',	'Příjmení_19',	'1988-08-01',	'Zabírá místo'),
(44,	'Jméno_20',	'Příjmení_20',	'1988-08-01',	'Zabírá místo'),
(45,	'Jméno_21',	'Příjmení_21',	'1988-08-01',	'Zabírá místo'),
(46,	'Jméno_22',	'Příjmení_22',	'1988-08-01',	'Zabírá místo'),
(47,	'Jméno_23',	'Příjmení_23',	'1988-08-01',	'Zabírá místo'),
(48,	'Jméno_24',	'Příjmení_24',	'1988-08-01',	'Zabírá místo'),
(49,	'Jméno_25',	'Příjmení_25',	'1988-08-01',	'Zabírá místo'),
(50,	'Jméno_26',	'Příjmení_26',	'1988-08-01',	'Zabírá místo'),
(51,	'Jméno_27',	'Příjmení_27',	'1988-08-01',	'Zabírá místo'),
(52,	'Jméno_28',	'Příjmení_28',	'1988-08-01',	'Zabírá místo'),
(53,	'Jméno_29',	'Příjmení_29',	'1988-08-01',	'Zabírá místo'),
(54,	'Jméno_30',	'Příjmení_30',	'1988-08-01',	'Zabírá místo'),
(55,	'Jméno_31',	'Příjmení_31',	'1988-08-01',	'Zabírá místo'),
(56,	'Jméno_32',	'Příjmení_32',	'1988-08-01',	'Zabírá místo'),
(57,	'Jméno_33',	'Příjmení_33',	'1988-08-01',	'Zabírá místo'),
(58,	'Jméno_34',	'Příjmení_34',	'1988-08-01',	'Zabírá místo'),
(59,	'Jméno_35',	'Příjmení_35',	'1988-08-01',	'Zabírá místo'),
(60,	'Jméno_36',	'Příjmení_36',	'1988-08-01',	'Zabírá místo'),
(61,	'Jméno_37',	'Příjmení_37',	'1988-08-01',	'Zabírá místo'),
(62,	'Jméno_38',	'Příjmení_38',	'1988-08-01',	'Zabírá místo'),
(63,	'Jméno_39',	'Příjmení_39',	'1988-08-01',	'Zabírá místo'),
(64,	'Jméno_40',	'Příjmení_40',	'1988-08-01',	'Zabírá místo'),
(65,	'Jméno_41',	'Příjmení_41',	'1988-08-01',	'Zabírá místo'),
(66,	'Jméno_42',	'Příjmení_42',	'1988-08-01',	'Zabírá místo'),
(67,	'Jméno_43',	'Příjmení_43',	'1988-08-01',	'Zabírá místo'),
(68,	'Jméno_44',	'Příjmení_44',	'1988-08-01',	'Zabírá místo'),
(69,	'Jméno_45',	'Příjmení_45',	'1988-08-01',	'Zabírá místo'),
(70,	'Jméno_46',	'Příjmení_46',	'1988-08-01',	'Zabírá místo'),
(71,	'Jméno_47',	'Příjmení_47',	'1988-08-01',	'Zabírá místo'),
(72,	'Jméno_48',	'Příjmení_48',	'1988-08-01',	'Zabírá místo'),
(73,	'Jméno_49',	'Příjmení_49',	'1988-08-01',	'Zabírá místo'),
(74,	'Jméno_50',	'Příjmení_50',	'1988-08-01',	'Zabírá místo'),
(75,	'Jméno_51',	'Příjmení_51',	'1988-08-01',	'Zabírá místo'),
(76,	'Jméno_52',	'Příjmení_52',	'1988-08-01',	'Zabírá místo'),
(77,	'Jméno_53',	'Příjmení_53',	'1988-08-01',	'Zabírá místo'),
(78,	'Jméno_54',	'Příjmení_54',	'1988-08-01',	'Zabírá místo'),
(79,	'Jméno_55',	'Příjmení_55',	'1988-08-01',	'Zabírá místo'),
(80,	'Jméno_56',	'Příjmení_56',	'1988-08-01',	'Zabírá místo'),
(81,	'Jméno_57',	'Příjmení_57',	'1988-08-01',	'Zabírá místo'),
(82,	'Jméno_58',	'Příjmení_58',	'1988-08-01',	'Zabírá místo'),
(83,	'Jméno_59',	'Příjmení_59',	'1988-08-01',	'Zabírá místo'),
(84,	'Jméno_60',	'Příjmení_60',	'1988-08-01',	'Zabírá místo'),
(85,	'Jméno_61',	'Příjmení_61',	'1988-08-01',	'Zabírá místo'),
(86,	'Jméno_62',	'Příjmení_62',	'1988-08-01',	'Zabírá místo'),
(87,	'Jméno_63',	'Příjmení_63',	'1988-08-01',	'Zabírá místo'),
(88,	'Jméno_64',	'Příjmení_64',	'1988-08-01',	'Zabírá místo'),
(89,	'Jméno_65',	'Příjmení_65',	'1988-08-01',	'Zabírá místo'),
(90,	'Jméno_66',	'Příjmení_66',	'1988-08-01',	'Zabírá místo'),
(91,	'Jméno_67',	'Příjmení_67',	'1988-08-01',	'Zabírá místo'),
(92,	'Jméno_68',	'Příjmení_68',	'1988-08-01',	'Zabírá místo'),
(93,	'Jméno_69',	'Příjmení_69',	'1988-08-01',	'Zabírá místo'),
(94,	'Jméno_70',	'Příjmení_70',	'1988-08-01',	'Zabírá místo'),
(95,	'Jméno_71',	'Příjmení_71',	'1988-08-01',	'Zabírá místo'),
(96,	'Jméno_72',	'Příjmení_72',	'1988-08-01',	'Zabírá místo'),
(97,	'Jméno_73',	'Příjmení_73',	'1988-08-01',	'Zabírá místo'),
(98,	'Jméno_74',	'Příjmení_74',	'1988-08-01',	'Zabírá místo'),
(99,	'Jméno_75',	'Příjmení_75',	'1988-08-01',	'Zabírá místo'),
(100,	'Jméno_76',	'Příjmení_76',	'1988-08-01',	'Zabírá místo'),
(101,	'Jméno_77',	'Příjmení_77',	'1988-08-01',	'Zabírá místo'),
(102,	'Jméno_78',	'Příjmení_78',	'1988-08-01',	'Zabírá místo'),
(103,	'Jméno_79',	'Příjmení_79',	'1988-08-01',	'Zabírá místo'),
(104,	'Jméno_80',	'Příjmení_80',	'1988-08-01',	'Zabírá místo'),
(105,	'Jméno_81',	'Příjmení_81',	'1988-08-01',	'Zabírá místo'),
(106,	'Jméno_82',	'Příjmení_82',	'1988-08-01',	'Zabírá místo'),
(107,	'Jméno_83',	'Příjmení_83',	'1988-08-01',	'Zabírá místo'),
(108,	'Jméno_84',	'Příjmení_84',	'1988-08-01',	'Zabírá místo'),
(109,	'Jméno_85',	'Příjmení_85',	'1988-08-01',	'Zabírá místo'),
(110,	'Jméno_86',	'Příjmení_86',	'1988-08-01',	'Zabírá místo'),
(111,	'Jméno_87',	'Příjmení_87',	'1988-08-01',	'Zabírá místo'),
(112,	'Jméno_88',	'Příjmení_88',	'1988-08-01',	'Zabírá místo'),
(113,	'Jméno_89',	'Příjmení_89',	'1988-08-01',	'Zabírá místo'),
(114,	'Jméno_90',	'Příjmení_90',	'1988-08-01',	'Zabírá místo'),
(115,	'Jméno_91',	'Příjmení_91',	'1988-08-01',	'Zabírá místo'),
(116,	'Jméno_92',	'Příjmení_92',	'1988-08-01',	'Zabírá místo'),
(117,	'Jméno_93',	'Příjmení_93',	'1988-08-01',	'Zabírá místo'),
(118,	'Jméno_94',	'Příjmení_94',	'1988-08-01',	'Zabírá místo'),
(119,	'Jméno_95',	'Příjmení_95',	'1988-08-01',	'Zabírá místo'),
(120,	'Jméno_96',	'Příjmení_96',	'1988-08-01',	'Zabírá místo'),
(121,	'Jméno_97',	'Příjmení_97',	'1988-08-01',	'Zabírá místo'),
(122,	'Jméno_98',	'Příjmení_98',	'1988-08-01',	'Zabírá místo'),
(123,	'Jméno_99',	'Příjmení_99',	'1988-08-01',	'Zabírá místo'),
(124,	'Jméno_100',	'Příjmení_100',	'1988-08-01',	'Zabírá místo'),
(125,	'Jméno_101',	'Příjmení_101',	'1988-08-01',	'Zabírá místo'),
(126,	'Jméno_102',	'Příjmení_102',	'1988-08-01',	'Zabírá místo'),
(127,	'Jméno_103',	'Příjmení_103',	'1988-08-01',	'Zabírá místo'),
(128,	'Jméno_104',	'Příjmení_104',	'1988-08-01',	'Zabírá místo'),
(129,	'Jméno_105',	'Příjmení_105',	'1988-08-01',	'Zabírá místo'),
(130,	'Jméno_106',	'Příjmení_106',	'1988-08-01',	'Zabírá místo'),
(131,	'Jméno_107',	'Příjmení_107',	'1988-08-01',	'Zabírá místo'),
(132,	'Jméno_108',	'Příjmení_108',	'1988-08-01',	'Zabírá místo'),
(133,	'Jméno_109',	'Příjmení_109',	'1988-08-01',	'Zabírá místo'),
(134,	'Jméno_110',	'Příjmení_110',	'1988-08-01',	'Zabírá místo'),
(135,	'Jméno_111',	'Příjmení_111',	'1988-08-01',	'Zabírá místo'),
(136,	'Jméno_112',	'Příjmení_112',	'1988-08-01',	'Zabírá místo'),
(137,	'Jméno_113',	'Příjmení_113',	'1988-08-01',	'Zabírá místo'),
(138,	'Jméno_114',	'Příjmení_114',	'1988-08-01',	'Zabírá místo'),
(139,	'Jméno_115',	'Příjmení_115',	'1988-08-01',	'Zabírá místo'),
(140,	'Jméno_116',	'Příjmení_116',	'1988-08-01',	'Zabírá místo'),
(141,	'Jméno_117',	'Příjmení_117',	'1988-08-01',	'Zabírá místo'),
(142,	'Jméno_118',	'Příjmení_118',	'1988-08-01',	'Zabírá místo'),
(143,	'Jméno_119',	'Příjmení_119',	'1988-08-01',	'Zabírá místo'),
(144,	'Jméno_120',	'Příjmení_120',	'1988-08-01',	'Zabírá místo'),
(145,	'Jméno_121',	'Příjmení_121',	'1988-08-01',	'Zabírá místo'),
(146,	'Jméno_122',	'Příjmení_122',	'1988-08-01',	'Zabírá místo'),
(147,	'Jméno_123',	'Příjmení_123',	'1988-08-01',	'Zabírá místo'),
(148,	'Jméno_124',	'Příjmení_124',	'1988-08-01',	'Zabírá místo'),
(149,	'Jméno_125',	'Příjmení_125',	'1988-08-01',	'Zabírá místo'),
(150,	'Jméno_126',	'Příjmení_126',	'1988-08-01',	'Zabírá místo'),
(151,	'Jméno_127',	'Příjmení_127',	'1988-08-01',	'Zabírá místo'),
(152,	'Jméno_128',	'Příjmení_128',	'1988-08-01',	'Zabírá místo'),
(153,	'Jméno_129',	'Příjmení_129',	'1988-08-01',	'Zabírá místo'),
(154,	'Jméno_130',	'Příjmení_130',	'1988-08-01',	'Zabírá místo'),
(155,	'Jméno_131',	'Příjmení_131',	'1988-08-01',	'Zabírá místo'),
(156,	'Jméno_132',	'Příjmení_132',	'1988-08-01',	'Zabírá místo'),
(157,	'Jméno_133',	'Příjmení_133',	'1988-08-01',	'Zabírá místo'),
(158,	'Jméno_134',	'Příjmení_134',	'1988-08-01',	'Zabírá místo'),
(159,	'Jméno_135',	'Příjmení_135',	'1988-08-01',	'Zabírá místo'),
(160,	'Jméno_136',	'Příjmení_136',	'1988-08-01',	'Zabírá místo'),
(161,	'Jméno_137',	'Příjmení_137',	'1988-08-01',	'Zabírá místo'),
(162,	'Jméno_138',	'Příjmení_138',	'1988-08-01',	'Zabírá místo'),
(163,	'Jméno_139',	'Příjmení_139',	'1988-08-01',	'Zabírá místo'),
(164,	'Jméno_140',	'Příjmení_140',	'1988-08-01',	'Zabírá místo'),
(165,	'Jméno_141',	'Příjmení_141',	'1988-08-01',	'Zabírá místo'),
(166,	'Jméno_142',	'Příjmení_142',	'1988-08-01',	'Zabírá místo'),
(167,	'Jméno_143',	'Příjmení_143',	'1988-08-01',	'Zabírá místo'),
(168,	'Jméno_144',	'Příjmení_144',	'1988-08-01',	'Zabírá místo'),
(169,	'Jméno_145',	'Příjmení_145',	'1988-08-01',	'Zabírá místo'),
(170,	'Jméno_146',	'Příjmení_146',	'1988-08-01',	'Zabírá místo'),
(171,	'Jméno_147',	'Příjmení_147',	'1988-08-01',	'Zabírá místo'),
(172,	'Jméno_148',	'Příjmení_148',	'1988-08-01',	'Zabírá místo'),
(173,	'Jméno_149',	'Příjmení_149',	'1988-08-01',	'Zabírá místo'),
(174,	'Jméno_150',	'Příjmení_150',	'1988-08-01',	'Zabírá místo'),
(175,	'Jméno_151',	'Příjmení_151',	'1988-08-01',	'Zabírá místo'),
(176,	'Jméno_152',	'Příjmení_152',	'1988-08-01',	'Zabírá místo'),
(177,	'Jméno_153',	'Příjmení_153',	'1988-08-01',	'Zabírá místo'),
(178,	'Jméno_154',	'Příjmení_154',	'1988-08-01',	'Zabírá místo'),
(179,	'Jméno_155',	'Příjmení_155',	'1988-08-01',	'Zabírá místo'),
(180,	'Jméno_156',	'Příjmení_156',	'1988-08-01',	'Zabírá místo'),
(181,	'Jméno_157',	'Příjmení_157',	'1988-08-01',	'Zabírá místo'),
(182,	'Jméno_158',	'Příjmení_158',	'1988-08-01',	'Zabírá místo'),
(183,	'Jméno_159',	'Příjmení_159',	'1988-08-01',	'Zabírá místo'),
(184,	'Jméno_160',	'Příjmení_160',	'1988-08-01',	'Zabírá místo'),
(185,	'Jméno_161',	'Příjmení_161',	'1988-08-01',	'Zabírá místo'),
(186,	'Jméno_162',	'Příjmení_162',	'1988-08-01',	'Zabírá místo'),
(187,	'Jméno_163',	'Příjmení_163',	'1988-08-01',	'Zabírá místo'),
(188,	'Jméno_164',	'Příjmení_164',	'1988-08-01',	'Zabírá místo'),
(189,	'Jméno_165',	'Příjmení_165',	'1988-08-01',	'Zabírá místo'),
(190,	'Jméno_166',	'Příjmení_166',	'1988-08-01',	'Zabírá místo'),
(191,	'Jméno_167',	'Příjmení_167',	'1988-08-01',	'Zabírá místo'),
(192,	'Jméno_168',	'Příjmení_168',	'1988-08-01',	'Zabírá místo'),
(193,	'Jméno_169',	'Příjmení_169',	'1988-08-01',	'Zabírá místo'),
(194,	'Jméno_170',	'Příjmení_170',	'1988-08-01',	'Zabírá místo'),
(195,	'Jméno_171',	'Příjmení_171',	'1988-08-01',	'Zabírá místo'),
(196,	'Jméno_172',	'Příjmení_172',	'1988-08-01',	'Zabírá místo'),
(197,	'Jméno_173',	'Příjmení_173',	'1988-08-01',	'Zabírá místo'),
(198,	'Jméno_174',	'Příjmení_174',	'1988-08-01',	'Zabírá místo'),
(199,	'Jméno_175',	'Příjmení_175',	'1988-08-01',	'Zabírá místo'),
(200,	'Jméno_176',	'Příjmení_176',	'1988-08-01',	'Zabírá místo'),
(201,	'Jméno_177',	'Příjmení_177',	'1988-08-01',	'Zabírá místo'),
(202,	'Jméno_178',	'Příjmení_178',	'1988-08-01',	'Zabírá místo'),
(203,	'Jméno_179',	'Příjmení_179',	'1988-08-01',	'Zabírá místo'),
(204,	'Jméno_180',	'Příjmení_180',	'1988-08-01',	'Zabírá místo'),
(205,	'Jméno_181',	'Příjmení_181',	'1988-08-01',	'Zabírá místo'),
(206,	'Jméno_182',	'Příjmení_182',	'1988-08-01',	'Zabírá místo'),
(207,	'Jméno_183',	'Příjmení_183',	'1988-08-01',	'Zabírá místo'),
(208,	'Jméno_184',	'Příjmení_184',	'1988-08-01',	'Zabírá místo'),
(209,	'Jméno_185',	'Příjmení_185',	'1988-08-01',	'Zabírá místo'),
(210,	'Jméno_186',	'Příjmení_186',	'1988-08-01',	'Zabírá místo'),
(211,	'Jméno_187',	'Příjmení_187',	'1988-08-01',	'Zabírá místo'),
(212,	'Jméno_188',	'Příjmení_188',	'1988-08-01',	'Zabírá místo'),
(213,	'Jméno_189',	'Příjmení_189',	'1988-08-01',	'Zabírá místo'),
(214,	'Jméno_190',	'Příjmení_190',	'1988-08-01',	'Zabírá místo'),
(215,	'Jméno_191',	'Příjmení_191',	'1988-08-01',	'Zabírá místo'),
(216,	'Jméno_192',	'Příjmení_192',	'1988-08-01',	'Zabírá místo'),
(217,	'Jméno_193',	'Příjmení_193',	'1988-08-01',	'Zabírá místo'),
(218,	'Jméno_194',	'Příjmení_194',	'1988-08-01',	'Zabírá místo'),
(219,	'Jméno_195',	'Příjmení_195',	'1988-08-01',	'Zabírá místo'),
(220,	'Jméno_196',	'Příjmení_196',	'1988-08-01',	'Zabírá místo'),
(221,	'Jméno_197',	'Příjmení_197',	'1988-08-01',	'Zabírá místo'),
(222,	'Jméno_198',	'Příjmení_198',	'1988-08-01',	'Zabírá místo'),
(223,	'Jméno_199',	'Příjmení_199',	'1988-08-01',	'Zabírá místo'),
(224,	'Jméno_200',	'Příjmení_200',	'1988-08-01',	'Zabírá místo'),
(225,	'Jméno_201',	'Příjmení_201',	'1988-08-01',	'Zabírá místo'),
(226,	'Jméno_202',	'Příjmení_202',	'1988-08-01',	'Zabírá místo'),
(227,	'Jméno_203',	'Příjmení_203',	'1988-08-01',	'Zabírá místo'),
(228,	'Jméno_204',	'Příjmení_204',	'1988-08-01',	'Zabírá místo'),
(229,	'Jméno_205',	'Příjmení_205',	'1988-08-01',	'Zabírá místo'),
(230,	'Jméno_206',	'Příjmení_206',	'1988-08-01',	'Zabírá místo'),
(231,	'Jméno_207',	'Příjmení_207',	'1988-08-01',	'Zabírá místo'),
(232,	'Jméno_208',	'Příjmení_208',	'1988-08-01',	'Zabírá místo'),
(233,	'Jméno_209',	'Příjmení_209',	'1988-08-01',	'Zabírá místo'),
(234,	'Jméno_210',	'Příjmení_210',	'1988-08-01',	'Zabírá místo'),
(235,	'Jméno_211',	'Příjmení_211',	'1988-08-01',	'Zabírá místo'),
(236,	'Jméno_212',	'Příjmení_212',	'1988-08-01',	'Zabírá místo'),
(237,	'Jméno_213',	'Příjmení_213',	'1988-08-01',	'Zabírá místo'),
(238,	'Jméno_214',	'Příjmení_214',	'1988-08-01',	'Zabírá místo'),
(239,	'Jméno_215',	'Příjmení_215',	'1988-08-01',	'Zabírá místo'),
(240,	'Jméno_216',	'Příjmení_216',	'1988-08-01',	'Zabírá místo'),
(241,	'Jméno_217',	'Příjmení_217',	'1988-08-01',	'Zabírá místo'),
(242,	'Jméno_218',	'Příjmení_218',	'1988-08-01',	'Zabírá místo'),
(243,	'Jméno_219',	'Příjmení_219',	'1988-08-01',	'Zabírá místo'),
(244,	'Jméno_220',	'Příjmení_220',	'1988-08-01',	'Zabírá místo'),
(245,	'Jméno_221',	'Příjmení_221',	'1988-08-01',	'Zabírá místo'),
(246,	'Jméno_222',	'Příjmení_222',	'1988-08-01',	'Zabírá místo'),
(247,	'Jméno_223',	'Příjmení_223',	'1988-08-01',	'Zabírá místo'),
(248,	'Jméno_224',	'Příjmení_224',	'1988-08-01',	'Zabírá místo'),
(249,	'Jméno_225',	'Příjmení_225',	'1988-08-01',	'Zabírá místo'),
(250,	'Jméno_226',	'Příjmení_226',	'1988-08-01',	'Zabírá místo'),
(251,	'Jméno_227',	'Příjmení_227',	'1988-08-01',	'Zabírá místo'),
(252,	'Jméno_228',	'Příjmení_228',	'1988-08-01',	'Zabírá místo'),
(253,	'Jméno_229',	'Příjmení_229',	'1988-08-01',	'Zabírá místo'),
(254,	'Jméno_230',	'Příjmení_230',	'1988-08-01',	'Zabírá místo'),
(255,	'Jméno_231',	'Příjmení_231',	'1988-08-01',	'Zabírá místo'),
(256,	'Jméno_232',	'Příjmení_232',	'1988-08-01',	'Zabírá místo'),
(257,	'Jméno_233',	'Příjmení_233',	'1988-08-01',	'Zabírá místo'),
(258,	'Jméno_234',	'Příjmení_234',	'1988-08-01',	'Zabírá místo'),
(259,	'Jméno_235',	'Příjmení_235',	'1988-08-01',	'Zabírá místo'),
(260,	'Jméno_236',	'Příjmení_236',	'1988-08-01',	'Zabírá místo'),
(261,	'Jméno_237',	'Příjmení_237',	'1988-08-01',	'Zabírá místo'),
(262,	'Jméno_238',	'Příjmení_238',	'1988-08-01',	'Zabírá místo'),
(263,	'Jméno_239',	'Příjmení_239',	'1988-08-01',	'Zabírá místo'),
(264,	'Jméno_240',	'Příjmení_240',	'1988-08-01',	'Zabírá místo'),
(265,	'Jméno_241',	'Příjmení_241',	'1988-08-01',	'Zabírá místo'),
(266,	'Jméno_242',	'Příjmení_242',	'1988-08-01',	'Zabírá místo'),
(267,	'Jméno_243',	'Příjmení_243',	'1988-08-01',	'Zabírá místo'),
(268,	'Jméno_244',	'Příjmení_244',	'1988-08-01',	'Zabírá místo'),
(269,	'Jméno_245',	'Příjmení_245',	'1988-08-01',	'Zabírá místo'),
(270,	'Jméno_246',	'Příjmení_246',	'1988-08-01',	'Zabírá místo'),
(271,	'Jméno_247',	'Příjmení_247',	'1988-08-01',	'Zabírá místo'),
(272,	'Jméno_248',	'Příjmení_248',	'1988-08-01',	'Zabírá místo'),
(273,	'Jméno_249',	'Příjmení_249',	'1988-08-01',	'Zabírá místo'),
(274,	'Jméno_250',	'Příjmení_250',	'1988-08-01',	'Zabírá místo'),
(275,	'Jméno_251',	'Příjmení_251',	'1988-08-01',	'Zabírá místo'),
(276,	'Jméno_252',	'Příjmení_252',	'1988-08-01',	'Zabírá místo'),
(277,	'Jméno_253',	'Příjmení_253',	'1988-08-01',	'Zabírá místo'),
(278,	'Jméno_254',	'Příjmení_254',	'1988-08-01',	'Zabírá místo'),
(279,	'Jméno_255',	'Příjmení_255',	'1988-08-01',	'Zabírá místo'),
(280,	'Jméno_256',	'Příjmení_256',	'1988-08-01',	'Zabírá místo'),
(281,	'Jméno_257',	'Příjmení_257',	'1988-08-01',	'Zabírá místo'),
(282,	'Jméno_258',	'Příjmení_258',	'1988-08-01',	'Zabírá místo'),
(283,	'Jméno_259',	'Příjmení_259',	'1988-08-01',	'Zabírá místo'),
(284,	'Jméno_260',	'Příjmení_260',	'1988-08-01',	'Zabírá místo'),
(285,	'Jméno_261',	'Příjmení_261',	'1988-08-01',	'Zabírá místo'),
(286,	'Jméno_262',	'Příjmení_262',	'1988-08-01',	'Zabírá místo'),
(287,	'Jméno_263',	'Příjmení_263',	'1988-08-01',	'Zabírá místo'),
(288,	'Jméno_264',	'Příjmení_264',	'1988-08-01',	'Zabírá místo'),
(289,	'Jméno_265',	'Příjmení_265',	'1988-08-01',	'Zabírá místo'),
(290,	'Jméno_266',	'Příjmení_266',	'1988-08-01',	'Zabírá místo'),
(291,	'Jméno_267',	'Příjmení_267',	'1988-08-01',	'Zabírá místo'),
(292,	'Jméno_268',	'Příjmení_268',	'1988-08-01',	'Zabírá místo'),
(293,	'Jméno_269',	'Příjmení_269',	'1988-08-01',	'Zabírá místo'),
(294,	'Jméno_270',	'Příjmení_270',	'1988-08-01',	'Zabírá místo'),
(295,	'Jméno_271',	'Příjmení_271',	'1988-08-01',	'Zabírá místo'),
(296,	'Jméno_272',	'Příjmení_272',	'1988-08-01',	'Zabírá místo'),
(297,	'Jméno_273',	'Příjmení_273',	'1988-08-01',	'Zabírá místo'),
(298,	'Jméno_274',	'Příjmení_274',	'1988-08-01',	'Zabírá místo'),
(299,	'Jméno_275',	'Příjmení_275',	'1988-08-01',	'Zabírá místo'),
(300,	'Jméno_276',	'Příjmení_276',	'1988-08-01',	'Zabírá místo'),
(301,	'Jméno_277',	'Příjmení_277',	'1988-08-01',	'Zabírá místo'),
(302,	'Jméno_278',	'Příjmení_278',	'1988-08-01',	'Zabírá místo'),
(303,	'Jméno_279',	'Příjmení_279',	'1988-08-01',	'Zabírá místo'),
(304,	'Jméno_280',	'Příjmení_280',	'1988-08-01',	'Zabírá místo'),
(305,	'Jméno_281',	'Příjmení_281',	'1988-08-01',	'Zabírá místo'),
(306,	'Jméno_282',	'Příjmení_282',	'1988-08-01',	'Zabírá místo'),
(307,	'Jméno_283',	'Příjmení_283',	'1988-08-01',	'Zabírá místo'),
(308,	'Jméno_284',	'Příjmení_284',	'1988-08-01',	'Zabírá místo'),
(309,	'Jméno_285',	'Příjmení_285',	'1988-08-01',	'Zabírá místo'),
(310,	'Jméno_286',	'Příjmení_286',	'1988-08-01',	'Zabírá místo'),
(311,	'Jméno_287',	'Příjmení_287',	'1988-08-01',	'Zabírá místo'),
(312,	'Jméno_288',	'Příjmení_288',	'1988-08-01',	'Zabírá místo'),
(313,	'Jméno_289',	'Příjmení_289',	'1988-08-01',	'Zabírá místo'),
(314,	'Jméno_290',	'Příjmení_290',	'1988-08-01',	'Zabírá místo'),
(315,	'Jméno_291',	'Příjmení_291',	'1988-08-01',	'Zabírá místo'),
(316,	'Jméno_292',	'Příjmení_292',	'1988-08-01',	'Zabírá místo'),
(317,	'Jméno_293',	'Příjmení_293',	'1988-08-01',	'Zabírá místo'),
(318,	'Jméno_294',	'Příjmení_294',	'1988-08-01',	'Zabírá místo'),
(319,	'Jméno_295',	'Příjmení_295',	'1988-08-01',	'Zabírá místo'),
(320,	'Jméno_296',	'Příjmení_296',	'1988-08-01',	'Zabírá místo'),
(321,	'Jméno_297',	'Příjmení_297',	'1988-08-01',	'Zabírá místo'),
(322,	'Jméno_298',	'Příjmení_298',	'1988-08-01',	'Zabírá místo'),
(323,	'Jméno_299',	'Příjmení_299',	'1988-08-01',	'Zabírá místo'),
(324,	'Jméno_300',	'Příjmení_300',	'1988-08-01',	'Zabírá místo'),
(325,	'Jméno_301',	'Příjmení_301',	'1988-08-01',	'Zabírá místo'),
(326,	'Jméno_302',	'Příjmení_302',	'1988-08-01',	'Zabírá místo'),
(327,	'Jméno_303',	'Příjmení_303',	'1988-08-01',	'Zabírá místo'),
(328,	'Jméno_304',	'Příjmení_304',	'1988-08-01',	'Zabírá místo'),
(329,	'Jméno_305',	'Příjmení_305',	'1988-08-01',	'Zabírá místo'),
(330,	'Jméno_306',	'Příjmení_306',	'1988-08-01',	'Zabírá místo'),
(331,	'Jméno_307',	'Příjmení_307',	'1988-08-01',	'Zabírá místo'),
(332,	'Jméno_308',	'Příjmení_308',	'1988-08-01',	'Zabírá místo'),
(333,	'Jméno_309',	'Příjmení_309',	'1988-08-01',	'Zabírá místo'),
(334,	'Jméno_310',	'Příjmení_310',	'1988-08-01',	'Zabírá místo'),
(335,	'Jméno_311',	'Příjmení_311',	'1988-08-01',	'Zabírá místo'),
(336,	'Jméno_312',	'Příjmení_312',	'1988-08-01',	'Zabírá místo'),
(337,	'Jméno_313',	'Příjmení_313',	'1988-08-01',	'Zabírá místo'),
(338,	'Jméno_314',	'Příjmení_314',	'1988-08-01',	'Zabírá místo'),
(339,	'Jméno_315',	'Příjmení_315',	'1988-08-01',	'Zabírá místo'),
(340,	'Jméno_316',	'Příjmení_316',	'1988-08-01',	'Zabírá místo'),
(341,	'Jméno_317',	'Příjmení_317',	'1988-08-01',	'Zabírá místo'),
(342,	'Jméno_318',	'Příjmení_318',	'1988-08-01',	'Zabírá místo'),
(343,	'Jméno_319',	'Příjmení_319',	'1988-08-01',	'Zabírá místo'),
(344,	'Jméno_320',	'Příjmení_320',	'1988-08-01',	'Zabírá místo'),
(345,	'Jméno_321',	'Příjmení_321',	'1988-08-01',	'Zabírá místo'),
(346,	'Jméno_322',	'Příjmení_322',	'1988-08-01',	'Zabírá místo'),
(347,	'Jméno_323',	'Příjmení_323',	'1988-08-01',	'Zabírá místo'),
(348,	'Jméno_324',	'Příjmení_324',	'1988-08-01',	'Zabírá místo'),
(349,	'Jméno_325',	'Příjmení_325',	'1988-08-01',	'Zabírá místo'),
(350,	'Jméno_326',	'Příjmení_326',	'1988-08-01',	'Zabírá místo'),
(351,	'Jméno_327',	'Příjmení_327',	'1988-08-01',	'Zabírá místo'),
(352,	'Jméno_328',	'Příjmení_328',	'1988-08-01',	'Zabírá místo'),
(353,	'Jméno_329',	'Příjmení_329',	'1988-08-01',	'Zabírá místo'),
(354,	'Jméno_330',	'Příjmení_330',	'1988-08-01',	'Zabírá místo'),
(355,	'Jméno_331',	'Příjmení_331',	'1988-08-01',	'Zabírá místo'),
(356,	'Jméno_332',	'Příjmení_332',	'1988-08-01',	'Zabírá místo'),
(357,	'Jméno_333',	'Příjmení_333',	'1988-08-01',	'Zabírá místo'),
(358,	'Jméno_334',	'Příjmení_334',	'1988-08-01',	'Zabírá místo'),
(359,	'Jméno_335',	'Příjmení_335',	'1988-08-01',	'Zabírá místo'),
(360,	'Jméno_336',	'Příjmení_336',	'1988-08-01',	'Zabírá místo'),
(361,	'Jméno_337',	'Příjmení_337',	'1988-08-01',	'Zabírá místo'),
(362,	'Jméno_338',	'Příjmení_338',	'1988-08-01',	'Zabírá místo'),
(363,	'Jméno_339',	'Příjmení_339',	'1988-08-01',	'Zabírá místo'),
(364,	'Jméno_340',	'Příjmení_340',	'1988-08-01',	'Zabírá místo'),
(365,	'Jméno_341',	'Příjmení_341',	'1988-08-01',	'Zabírá místo'),
(366,	'Jméno_342',	'Příjmení_342',	'1988-08-01',	'Zabírá místo'),
(367,	'Jméno_343',	'Příjmení_343',	'1988-08-01',	'Zabírá místo'),
(368,	'Jméno_344',	'Příjmení_344',	'1988-08-01',	'Zabírá místo'),
(369,	'Jméno_345',	'Příjmení_345',	'1988-08-01',	'Zabírá místo'),
(370,	'Jméno_346',	'Příjmení_346',	'1988-08-01',	'Zabírá místo'),
(371,	'Jméno_347',	'Příjmení_347',	'1988-08-01',	'Zabírá místo'),
(372,	'Jméno_348',	'Příjmení_348',	'1988-08-01',	'Zabírá místo'),
(373,	'Jméno_349',	'Příjmení_349',	'1988-08-01',	'Zabírá místo'),
(374,	'Jméno_350',	'Příjmení_350',	'1988-08-01',	'Zabírá místo'),
(375,	'Jméno_351',	'Příjmení_351',	'1988-08-01',	'Zabírá místo'),
(376,	'Jméno_352',	'Příjmení_352',	'1988-08-01',	'Zabírá místo'),
(377,	'Jméno_353',	'Příjmení_353',	'1988-08-01',	'Zabírá místo'),
(378,	'Jméno_354',	'Příjmení_354',	'1988-08-01',	'Zabírá místo'),
(379,	'Jméno_355',	'Příjmení_355',	'1988-08-01',	'Zabírá místo'),
(380,	'Jméno_356',	'Příjmení_356',	'1988-08-01',	'Zabírá místo'),
(381,	'Jméno_357',	'Příjmení_357',	'1988-08-01',	'Zabírá místo'),
(382,	'Jméno_358',	'Příjmení_358',	'1988-08-01',	'Zabírá místo'),
(383,	'Jméno_359',	'Příjmení_359',	'1988-08-01',	'Zabírá místo'),
(384,	'Jméno_360',	'Příjmení_360',	'1988-08-01',	'Zabírá místo'),
(385,	'Jméno_361',	'Příjmení_361',	'1988-08-01',	'Zabírá místo'),
(386,	'Jméno_362',	'Příjmení_362',	'1988-08-01',	'Zabírá místo'),
(387,	'Jméno_363',	'Příjmení_363',	'1988-08-01',	'Zabírá místo'),
(388,	'Jméno_364',	'Příjmení_364',	'1988-08-01',	'Zabírá místo'),
(389,	'Jméno_365',	'Příjmení_365',	'1988-08-01',	'Zabírá místo'),
(390,	'Jméno_366',	'Příjmení_366',	'1988-08-01',	'Zabírá místo'),
(391,	'Jméno_367',	'Příjmení_367',	'1988-08-01',	'Zabírá místo'),
(392,	'Jméno_368',	'Příjmení_368',	'1988-08-01',	'Zabírá místo'),
(393,	'Jméno_369',	'Příjmení_369',	'1988-08-01',	'Zabírá místo'),
(394,	'Jméno_370',	'Příjmení_370',	'1988-08-01',	'Zabírá místo'),
(395,	'Jméno_371',	'Příjmení_371',	'1988-08-01',	'Zabírá místo'),
(396,	'Jméno_372',	'Příjmení_372',	'1988-08-01',	'Zabírá místo'),
(397,	'Jméno_373',	'Příjmení_373',	'1988-08-01',	'Zabírá místo'),
(398,	'Jméno_374',	'Příjmení_374',	'1988-08-01',	'Zabírá místo'),
(399,	'Jméno_375',	'Příjmení_375',	'1988-08-01',	'Zabírá místo'),
(400,	'Jméno_376',	'Příjmení_376',	'1988-08-01',	'Zabírá místo'),
(401,	'Jméno_377',	'Příjmení_377',	'1988-08-01',	'Zabírá místo'),
(402,	'Jméno_378',	'Příjmení_378',	'1988-08-01',	'Zabírá místo'),
(403,	'Jméno_379',	'Příjmení_379',	'1988-08-01',	'Zabírá místo'),
(404,	'Jméno_380',	'Příjmení_380',	'1988-08-01',	'Zabírá místo'),
(405,	'Jméno_381',	'Příjmení_381',	'1988-08-01',	'Zabírá místo'),
(406,	'Jméno_382',	'Příjmení_382',	'1988-08-01',	'Zabírá místo'),
(407,	'Jméno_383',	'Příjmení_383',	'1988-08-01',	'Zabírá místo'),
(408,	'Jméno_384',	'Příjmení_384',	'1988-08-01',	'Zabírá místo'),
(409,	'Jméno_385',	'Příjmení_385',	'1988-08-01',	'Zabírá místo'),
(410,	'Jméno_386',	'Příjmení_386',	'1988-08-01',	'Zabírá místo'),
(411,	'Jméno_387',	'Příjmení_387',	'1988-08-01',	'Zabírá místo'),
(412,	'Jméno_388',	'Příjmení_388',	'1988-08-01',	'Zabírá místo'),
(413,	'Jméno_389',	'Příjmení_389',	'1988-08-01',	'Zabírá místo'),
(414,	'Jméno_390',	'Příjmení_390',	'1988-08-01',	'Zabírá místo'),
(415,	'Jméno_391',	'Příjmení_391',	'1988-08-01',	'Zabírá místo'),
(416,	'Jméno_392',	'Příjmení_392',	'1988-08-01',	'Zabírá místo'),
(417,	'Jméno_393',	'Příjmení_393',	'1988-08-01',	'Zabírá místo'),
(418,	'Jméno_394',	'Příjmení_394',	'1988-08-01',	'Zabírá místo'),
(419,	'Jméno_395',	'Příjmení_395',	'1988-08-01',	'Zabírá místo'),
(420,	'Jméno_396',	'Příjmení_396',	'1988-08-01',	'Zabírá místo'),
(421,	'Jméno_397',	'Příjmení_397',	'1988-08-01',	'Zabírá místo'),
(422,	'Jméno_398',	'Příjmení_398',	'1988-08-01',	'Zabírá místo'),
(423,	'Jméno_399',	'Příjmení_399',	'1988-08-01',	'Zabírá místo'),
(424,	'Jméno_400',	'Příjmení_400',	'1988-08-01',	'Zabírá místo'),
(425,	'Jméno_401',	'Příjmení_401',	'1988-08-01',	'Zabírá místo'),
(426,	'Jméno_402',	'Příjmení_402',	'1988-08-01',	'Zabírá místo'),
(427,	'Jméno_403',	'Příjmení_403',	'1988-08-01',	'Zabírá místo'),
(428,	'Jméno_404',	'Příjmení_404',	'1988-08-01',	'Zabírá místo'),
(429,	'Jméno_405',	'Příjmení_405',	'1988-08-01',	'Zabírá místo'),
(430,	'Jméno_406',	'Příjmení_406',	'1988-08-01',	'Zabírá místo'),
(431,	'Jméno_407',	'Příjmení_407',	'1988-08-01',	'Zabírá místo'),
(432,	'Jméno_408',	'Příjmení_408',	'1988-08-01',	'Zabírá místo'),
(433,	'Jméno_409',	'Příjmení_409',	'1988-08-01',	'Zabírá místo'),
(434,	'Jméno_410',	'Příjmení_410',	'1988-08-01',	'Zabírá místo'),
(435,	'Jméno_411',	'Příjmení_411',	'1988-08-01',	'Zabírá místo'),
(436,	'Jméno_412',	'Příjmení_412',	'1988-08-01',	'Zabírá místo'),
(437,	'Jméno_413',	'Příjmení_413',	'1988-08-01',	'Zabírá místo'),
(438,	'Jméno_414',	'Příjmení_414',	'1988-08-01',	'Zabírá místo'),
(439,	'Jméno_415',	'Příjmení_415',	'1988-08-01',	'Zabírá místo'),
(440,	'Jméno_416',	'Příjmení_416',	'1988-08-01',	'Zabírá místo'),
(441,	'Jméno_417',	'Příjmení_417',	'1988-08-01',	'Zabírá místo'),
(442,	'Jméno_418',	'Příjmení_418',	'1988-08-01',	'Zabírá místo'),
(443,	'Jméno_419',	'Příjmení_419',	'1988-08-01',	'Zabírá místo'),
(444,	'Jméno_420',	'Příjmení_420',	'1988-08-01',	'Zabírá místo'),
(445,	'Jméno_421',	'Příjmení_421',	'1988-08-01',	'Zabírá místo'),
(446,	'Jméno_422',	'Příjmení_422',	'1988-08-01',	'Zabírá místo'),
(447,	'Jméno_423',	'Příjmení_423',	'1988-08-01',	'Zabírá místo'),
(448,	'Jméno_424',	'Příjmení_424',	'1988-08-01',	'Zabírá místo'),
(449,	'Jméno_425',	'Příjmení_425',	'1988-08-01',	'Zabírá místo'),
(450,	'Jméno_426',	'Příjmení_426',	'1988-08-01',	'Zabírá místo'),
(451,	'Jméno_427',	'Příjmení_427',	'1988-08-01',	'Zabírá místo'),
(452,	'Jméno_428',	'Příjmení_428',	'1988-08-01',	'Zabírá místo'),
(453,	'Jméno_429',	'Příjmení_429',	'1988-08-01',	'Zabírá místo'),
(454,	'Jméno_430',	'Příjmení_430',	'1988-08-01',	'Zabírá místo'),
(455,	'Jméno_431',	'Příjmení_431',	'1988-08-01',	'Zabírá místo'),
(456,	'Jméno_432',	'Příjmení_432',	'1988-08-01',	'Zabírá místo'),
(457,	'Jméno_433',	'Příjmení_433',	'1988-08-01',	'Zabírá místo'),
(458,	'Jméno_434',	'Příjmení_434',	'1988-08-01',	'Zabírá místo'),
(459,	'Jméno_435',	'Příjmení_435',	'1988-08-01',	'Zabírá místo'),
(460,	'Jméno_436',	'Příjmení_436',	'1988-08-01',	'Zabírá místo'),
(461,	'Jméno_437',	'Příjmení_437',	'1988-08-01',	'Zabírá místo'),
(462,	'Jméno_438',	'Příjmení_438',	'1988-08-01',	'Zabírá místo'),
(463,	'Jméno_439',	'Příjmení_439',	'1988-08-01',	'Zabírá místo'),
(464,	'Jméno_440',	'Příjmení_440',	'1988-08-01',	'Zabírá místo'),
(465,	'Jméno_441',	'Příjmení_441',	'1988-08-01',	'Zabírá místo'),
(466,	'Jméno_442',	'Příjmení_442',	'1988-08-01',	'Zabírá místo'),
(467,	'Jméno_443',	'Příjmení_443',	'1988-08-01',	'Zabírá místo'),
(468,	'Jméno_444',	'Příjmení_444',	'1988-08-01',	'Zabírá místo'),
(469,	'Jméno_445',	'Příjmení_445',	'1988-08-01',	'Zabírá místo'),
(470,	'Jméno_446',	'Příjmení_446',	'1988-08-01',	'Zabírá místo'),
(471,	'Jméno_447',	'Příjmení_447',	'1988-08-01',	'Zabírá místo'),
(472,	'Jméno_448',	'Příjmení_448',	'1988-08-01',	'Zabírá místo'),
(473,	'Jméno_449',	'Příjmení_449',	'1988-08-01',	'Zabírá místo'),
(474,	'Jméno_450',	'Příjmení_450',	'1988-08-01',	'Zabírá místo'),
(475,	'Jméno_451',	'Příjmení_451',	'1988-08-01',	'Zabírá místo'),
(476,	'Jméno_452',	'Příjmení_452',	'1988-08-01',	'Zabírá místo'),
(477,	'Jméno_453',	'Příjmení_453',	'1988-08-01',	'Zabírá místo'),
(478,	'Jméno_454',	'Příjmení_454',	'1988-08-01',	'Zabírá místo'),
(479,	'Jméno_455',	'Příjmení_455',	'1988-08-01',	'Zabírá místo'),
(480,	'Jméno_456',	'Příjmení_456',	'1988-08-01',	'Zabírá místo'),
(481,	'Jméno_457',	'Příjmení_457',	'1988-08-01',	'Zabírá místo'),
(482,	'Jméno_458',	'Příjmení_458',	'1988-08-01',	'Zabírá místo'),
(483,	'Jméno_459',	'Příjmení_459',	'1988-08-01',	'Zabírá místo'),
(484,	'Jméno_460',	'Příjmení_460',	'1988-08-01',	'Zabírá místo'),
(485,	'Jméno_461',	'Příjmení_461',	'1988-08-01',	'Zabírá místo'),
(486,	'Jméno_462',	'Příjmení_462',	'1988-08-01',	'Zabírá místo'),
(487,	'Jméno_463',	'Příjmení_463',	'1988-08-01',	'Zabírá místo'),
(488,	'Jméno_464',	'Příjmení_464',	'1988-08-01',	'Zabírá místo'),
(489,	'Jméno_465',	'Příjmení_465',	'1988-08-01',	'Zabírá místo'),
(490,	'Jméno_466',	'Příjmení_466',	'1988-08-01',	'Zabírá místo'),
(491,	'Jméno_467',	'Příjmení_467',	'1988-08-01',	'Zabírá místo'),
(492,	'Jméno_468',	'Příjmení_468',	'1988-08-01',	'Zabírá místo'),
(493,	'Jméno_469',	'Příjmení_469',	'1988-08-01',	'Zabírá místo'),
(494,	'Jméno_470',	'Příjmení_470',	'1988-08-01',	'Zabírá místo'),
(495,	'Jméno_471',	'Příjmení_471',	'1988-08-01',	'Zabírá místo'),
(496,	'Jméno_472',	'Příjmení_472',	'1988-08-01',	'Zabírá místo'),
(497,	'Jméno_473',	'Příjmení_473',	'1988-08-01',	'Zabírá místo'),
(498,	'Jméno_474',	'Příjmení_474',	'1988-08-01',	'Zabírá místo'),
(499,	'Jméno_475',	'Příjmení_475',	'1988-08-01',	'Zabírá místo'),
(500,	'Jméno_476',	'Příjmení_476',	'1988-08-01',	'Zabírá místo'),
(501,	'Jméno_477',	'Příjmení_477',	'1988-08-01',	'Zabírá místo'),
(502,	'Jméno_478',	'Příjmení_478',	'1988-08-01',	'Zabírá místo'),
(503,	'Jméno_479',	'Příjmení_479',	'1988-08-01',	'Zabírá místo'),
(504,	'Jméno_480',	'Příjmení_480',	'1988-08-01',	'Zabírá místo'),
(505,	'Jméno_481',	'Příjmení_481',	'1988-08-01',	'Zabírá místo'),
(506,	'Jméno_482',	'Příjmení_482',	'1988-08-01',	'Zabírá místo'),
(507,	'Jméno_483',	'Příjmení_483',	'1988-08-01',	'Zabírá místo'),
(508,	'Jméno_484',	'Příjmení_484',	'1988-08-01',	'Zabírá místo'),
(509,	'Jméno_485',	'Příjmení_485',	'1988-08-01',	'Zabírá místo'),
(510,	'Jméno_486',	'Příjmení_486',	'1988-08-01',	'Zabírá místo'),
(511,	'Jméno_487',	'Příjmení_487',	'1988-08-01',	'Zabírá místo'),
(512,	'Jméno_488',	'Příjmení_488',	'1988-08-01',	'Zabírá místo'),
(513,	'Jméno_489',	'Příjmení_489',	'1988-08-01',	'Zabírá místo'),
(514,	'Jméno_490',	'Příjmení_490',	'1988-08-01',	'Zabírá místo'),
(515,	'Jméno_491',	'Příjmení_491',	'1988-08-01',	'Zabírá místo'),
(516,	'Jméno_492',	'Příjmení_492',	'1988-08-01',	'Zabírá místo'),
(517,	'Jméno_493',	'Příjmení_493',	'1988-08-01',	'Zabírá místo'),
(518,	'Jméno_494',	'Příjmení_494',	'1988-08-01',	'Zabírá místo'),
(519,	'Jméno_495',	'Příjmení_495',	'1988-08-01',	'Zabírá místo'),
(520,	'Jméno_496',	'Příjmení_496',	'1988-08-01',	'Zabírá místo'),
(521,	'Jméno_497',	'Příjmení_497',	'1988-08-01',	'Zabírá místo'),
(522,	'Jméno_498',	'Příjmení_498',	'1988-08-01',	'Zabírá místo'),
(523,	'Jméno_499',	'Příjmení_499',	'1988-08-01',	'Zabírá místo'),
(524,	'Jméno_500',	'Příjmení_500',	'1988-08-01',	'Zabírá místo'),
(525,	'Jméno_501',	'Příjmení_501',	'1988-08-01',	'Zabírá místo'),
(526,	'Jméno_502',	'Příjmení_502',	'1988-08-01',	'Zabírá místo'),
(527,	'Jméno_503',	'Příjmení_503',	'1988-08-01',	'Zabírá místo'),
(528,	'Jméno_504',	'Příjmení_504',	'1988-08-01',	'Zabírá místo'),
(529,	'Jméno_505',	'Příjmení_505',	'1988-08-01',	'Zabírá místo'),
(530,	'Jméno_506',	'Příjmení_506',	'1988-08-01',	'Zabírá místo'),
(531,	'Jméno_507',	'Příjmení_507',	'1988-08-01',	'Zabírá místo'),
(532,	'Jméno_508',	'Příjmení_508',	'1988-08-01',	'Zabírá místo'),
(533,	'Jméno_509',	'Příjmení_509',	'1988-08-01',	'Zabírá místo'),
(534,	'Jméno_510',	'Příjmení_510',	'1988-08-01',	'Zabírá místo'),
(535,	'Jméno_511',	'Příjmení_511',	'1988-08-01',	'Zabírá místo'),
(536,	'Jméno_512',	'Příjmení_512',	'1988-08-01',	'Zabírá místo'),
(537,	'Jméno_513',	'Příjmení_513',	'1988-08-01',	'Zabírá místo'),
(538,	'Jméno_514',	'Příjmení_514',	'1988-08-01',	'Zabírá místo'),
(539,	'Jméno_515',	'Příjmení_515',	'1988-08-01',	'Zabírá místo'),
(540,	'Jméno_516',	'Příjmení_516',	'1988-08-01',	'Zabírá místo'),
(541,	'Jméno_517',	'Příjmení_517',	'1988-08-01',	'Zabírá místo'),
(542,	'Jméno_518',	'Příjmení_518',	'1988-08-01',	'Zabírá místo'),
(543,	'Jméno_519',	'Příjmení_519',	'1988-08-01',	'Zabírá místo'),
(544,	'Jméno_520',	'Příjmení_520',	'1988-08-01',	'Zabírá místo'),
(545,	'Jméno_521',	'Příjmení_521',	'1988-08-01',	'Zabírá místo'),
(546,	'Jméno_522',	'Příjmení_522',	'1988-08-01',	'Zabírá místo'),
(547,	'Jméno_523',	'Příjmení_523',	'1988-08-01',	'Zabírá místo'),
(548,	'Jméno_524',	'Příjmení_524',	'1988-08-01',	'Zabírá místo'),
(549,	'Jméno_525',	'Příjmení_525',	'1988-08-01',	'Zabírá místo'),
(550,	'Jméno_526',	'Příjmení_526',	'1988-08-01',	'Zabírá místo'),
(551,	'Jméno_527',	'Příjmení_527',	'1988-08-01',	'Zabírá místo'),
(552,	'Jméno_528',	'Příjmení_528',	'1988-08-01',	'Zabírá místo'),
(553,	'Jméno_529',	'Příjmení_529',	'1988-08-01',	'Zabírá místo'),
(554,	'Jméno_530',	'Příjmení_530',	'1988-08-01',	'Zabírá místo'),
(555,	'Jméno_531',	'Příjmení_531',	'1988-08-01',	'Zabírá místo'),
(556,	'Jméno_532',	'Příjmení_532',	'1988-08-01',	'Zabírá místo'),
(557,	'Jméno_533',	'Příjmení_533',	'1988-08-01',	'Zabírá místo'),
(558,	'Jméno_534',	'Příjmení_534',	'1988-08-01',	'Zabírá místo'),
(559,	'Jméno_535',	'Příjmení_535',	'1988-08-01',	'Zabírá místo'),
(560,	'Jméno_536',	'Příjmení_536',	'1988-08-01',	'Zabírá místo'),
(561,	'Jméno_537',	'Příjmení_537',	'1988-08-01',	'Zabírá místo'),
(562,	'Jméno_538',	'Příjmení_538',	'1988-08-01',	'Zabírá místo'),
(563,	'Jméno_539',	'Příjmení_539',	'1988-08-01',	'Zabírá místo'),
(564,	'Jméno_540',	'Příjmení_540',	'1988-08-01',	'Zabírá místo'),
(565,	'Jméno_541',	'Příjmení_541',	'1988-08-01',	'Zabírá místo'),
(566,	'Jméno_542',	'Příjmení_542',	'1988-08-01',	'Zabírá místo'),
(567,	'Jméno_543',	'Příjmení_543',	'1988-08-01',	'Zabírá místo'),
(568,	'Jméno_544',	'Příjmení_544',	'1988-08-01',	'Zabírá místo'),
(569,	'Jméno_545',	'Příjmení_545',	'1988-08-01',	'Zabírá místo'),
(570,	'Jméno_546',	'Příjmení_546',	'1988-08-01',	'Zabírá místo'),
(571,	'Jméno_547',	'Příjmení_547',	'1988-08-01',	'Zabírá místo'),
(572,	'Jméno_548',	'Příjmení_548',	'1988-08-01',	'Zabírá místo'),
(573,	'Jméno_549',	'Příjmení_549',	'1988-08-01',	'Zabírá místo'),
(574,	'Jméno_550',	'Příjmení_550',	'1988-08-01',	'Zabírá místo'),
(575,	'Jméno_551',	'Příjmení_551',	'1988-08-01',	'Zabírá místo'),
(576,	'Jméno_552',	'Příjmení_552',	'1988-08-01',	'Zabírá místo'),
(577,	'Jméno_553',	'Příjmení_553',	'1988-08-01',	'Zabírá místo'),
(578,	'Jméno_554',	'Příjmení_554',	'1988-08-01',	'Zabírá místo'),
(579,	'Jméno_555',	'Příjmení_555',	'1988-08-01',	'Zabírá místo'),
(580,	'Jméno_556',	'Příjmení_556',	'1988-08-01',	'Zabírá místo'),
(581,	'Jméno_557',	'Příjmení_557',	'1988-08-01',	'Zabírá místo'),
(582,	'Jméno_558',	'Příjmení_558',	'1988-08-01',	'Zabírá místo'),
(583,	'Jméno_559',	'Příjmení_559',	'1988-08-01',	'Zabírá místo'),
(584,	'Jméno_560',	'Příjmení_560',	'1988-08-01',	'Zabírá místo'),
(585,	'Jméno_561',	'Příjmení_561',	'1988-08-01',	'Zabírá místo'),
(586,	'Jméno_562',	'Příjmení_562',	'1988-08-01',	'Zabírá místo'),
(587,	'Jméno_563',	'Příjmení_563',	'1988-08-01',	'Zabírá místo'),
(588,	'Jméno_564',	'Příjmení_564',	'1988-08-01',	'Zabírá místo'),
(589,	'Jméno_565',	'Příjmení_565',	'1988-08-01',	'Zabírá místo'),
(590,	'Jméno_566',	'Příjmení_566',	'1988-08-01',	'Zabírá místo'),
(591,	'Jméno_567',	'Příjmení_567',	'1988-08-01',	'Zabírá místo'),
(592,	'Jméno_568',	'Příjmení_568',	'1988-08-01',	'Zabírá místo'),
(593,	'Jméno_569',	'Příjmení_569',	'1988-08-01',	'Zabírá místo'),
(594,	'Jméno_570',	'Příjmení_570',	'1988-08-01',	'Zabírá místo'),
(595,	'Jméno_571',	'Příjmení_571',	'1988-08-01',	'Zabírá místo'),
(596,	'Jméno_572',	'Příjmení_572',	'1988-08-01',	'Zabírá místo'),
(597,	'Jméno_573',	'Příjmení_573',	'1988-08-01',	'Zabírá místo'),
(598,	'Jméno_574',	'Příjmení_574',	'1988-08-01',	'Zabírá místo'),
(599,	'Jméno_575',	'Příjmení_575',	'1988-08-01',	'Zabírá místo'),
(600,	'Jméno_576',	'Příjmení_576',	'1988-08-01',	'Zabírá místo'),
(601,	'Jméno_577',	'Příjmení_577',	'1988-08-01',	'Zabírá místo'),
(602,	'Jméno_578',	'Příjmení_578',	'1988-08-01',	'Zabírá místo'),
(603,	'Jméno_579',	'Příjmení_579',	'1988-08-01',	'Zabírá místo'),
(604,	'Jméno_580',	'Příjmení_580',	'1988-08-01',	'Zabírá místo'),
(605,	'Jméno_581',	'Příjmení_581',	'1988-08-01',	'Zabírá místo'),
(606,	'Jméno_582',	'Příjmení_582',	'1988-08-01',	'Zabírá místo'),
(607,	'Jméno_583',	'Příjmení_583',	'1988-08-01',	'Zabírá místo'),
(608,	'Jméno_584',	'Příjmení_584',	'1988-08-01',	'Zabírá místo'),
(609,	'Jméno_585',	'Příjmení_585',	'1988-08-01',	'Zabírá místo'),
(610,	'Jméno_586',	'Příjmení_586',	'1988-08-01',	'Zabírá místo'),
(611,	'Jméno_587',	'Příjmení_587',	'1988-08-01',	'Zabírá místo'),
(612,	'Jméno_588',	'Příjmení_588',	'1988-08-01',	'Zabírá místo'),
(613,	'Jméno_589',	'Příjmení_589',	'1988-08-01',	'Zabírá místo'),
(614,	'Jméno_590',	'Příjmení_590',	'1988-08-01',	'Zabírá místo'),
(615,	'Jméno_591',	'Příjmení_591',	'1988-08-01',	'Zabírá místo'),
(616,	'Jméno_592',	'Příjmení_592',	'1988-08-01',	'Zabírá místo'),
(617,	'Jméno_593',	'Příjmení_593',	'1988-08-01',	'Zabírá místo'),
(618,	'Jméno_594',	'Příjmení_594',	'1988-08-01',	'Zabírá místo'),
(619,	'Jméno_595',	'Příjmení_595',	'1988-08-01',	'Zabírá místo'),
(620,	'Jméno_596',	'Příjmení_596',	'1988-08-01',	'Zabírá místo'),
(621,	'Jméno_597',	'Příjmení_597',	'1988-08-01',	'Zabírá místo'),
(622,	'Jméno_598',	'Příjmení_598',	'1988-08-01',	'Zabírá místo'),
(623,	'Jméno_599',	'Příjmení_599',	'1988-08-01',	'Zabírá místo'),
(624,	'Jméno_600',	'Příjmení_600',	'1988-08-01',	'Zabírá místo'),
(625,	'Jméno_601',	'Příjmení_601',	'1988-08-01',	'Zabírá místo'),
(626,	'Jméno_602',	'Příjmení_602',	'1988-08-01',	'Zabírá místo'),
(627,	'Jméno_603',	'Příjmení_603',	'1988-08-01',	'Zabírá místo'),
(628,	'Jméno_604',	'Příjmení_604',	'1988-08-01',	'Zabírá místo'),
(629,	'Jméno_605',	'Příjmení_605',	'1988-08-01',	'Zabírá místo'),
(630,	'Jméno_606',	'Příjmení_606',	'1988-08-01',	'Zabírá místo'),
(631,	'Jméno_607',	'Příjmení_607',	'1988-08-01',	'Zabírá místo'),
(632,	'Jméno_608',	'Příjmení_608',	'1988-08-01',	'Zabírá místo'),
(633,	'Jméno_609',	'Příjmení_609',	'1988-08-01',	'Zabírá místo'),
(634,	'Jméno_610',	'Příjmení_610',	'1988-08-01',	'Zabírá místo'),
(635,	'Jméno_611',	'Příjmení_611',	'1988-08-01',	'Zabírá místo'),
(636,	'Jméno_612',	'Příjmení_612',	'1988-08-01',	'Zabírá místo'),
(637,	'Jméno_613',	'Příjmení_613',	'1988-08-01',	'Zabírá místo'),
(638,	'Jméno_614',	'Příjmení_614',	'1988-08-01',	'Zabírá místo'),
(639,	'Jméno_615',	'Příjmení_615',	'1988-08-01',	'Zabírá místo'),
(640,	'Jméno_616',	'Příjmení_616',	'1988-08-01',	'Zabírá místo'),
(641,	'Jméno_617',	'Příjmení_617',	'1988-08-01',	'Zabírá místo'),
(642,	'Jméno_618',	'Příjmení_618',	'1988-08-01',	'Zabírá místo'),
(643,	'Jméno_619',	'Příjmení_619',	'1988-08-01',	'Zabírá místo'),
(644,	'Jméno_620',	'Příjmení_620',	'1988-08-01',	'Zabírá místo'),
(645,	'Jméno_621',	'Příjmení_621',	'1988-08-01',	'Zabírá místo'),
(646,	'Jméno_622',	'Příjmení_622',	'1988-08-01',	'Zabírá místo'),
(647,	'Jméno_623',	'Příjmení_623',	'1988-08-01',	'Zabírá místo'),
(648,	'Jméno_624',	'Příjmení_624',	'1988-08-01',	'Zabírá místo'),
(649,	'Jméno_625',	'Příjmení_625',	'1988-08-01',	'Zabírá místo'),
(650,	'Jméno_626',	'Příjmení_626',	'1988-08-01',	'Zabírá místo'),
(651,	'Jméno_627',	'Příjmení_627',	'1988-08-01',	'Zabírá místo'),
(652,	'Jméno_628',	'Příjmení_628',	'1988-08-01',	'Zabírá místo'),
(653,	'Jméno_629',	'Příjmení_629',	'1988-08-01',	'Zabírá místo'),
(654,	'Jméno_630',	'Příjmení_630',	'1988-08-01',	'Zabírá místo'),
(655,	'Jméno_631',	'Příjmení_631',	'1988-08-01',	'Zabírá místo'),
(656,	'Jméno_632',	'Příjmení_632',	'1988-08-01',	'Zabírá místo'),
(657,	'Jméno_633',	'Příjmení_633',	'1988-08-01',	'Zabírá místo'),
(658,	'Jméno_634',	'Příjmení_634',	'1988-08-01',	'Zabírá místo'),
(659,	'Jméno_635',	'Příjmení_635',	'1988-08-01',	'Zabírá místo'),
(660,	'Jméno_636',	'Příjmení_636',	'1988-08-01',	'Zabírá místo'),
(661,	'Jméno_637',	'Příjmení_637',	'1988-08-01',	'Zabírá místo'),
(662,	'Jméno_638',	'Příjmení_638',	'1988-08-01',	'Zabírá místo'),
(663,	'Jméno_639',	'Příjmení_639',	'1988-08-01',	'Zabírá místo'),
(664,	'Jméno_640',	'Příjmení_640',	'1988-08-01',	'Zabírá místo'),
(665,	'Jméno_641',	'Příjmení_641',	'1988-08-01',	'Zabírá místo'),
(666,	'Jméno_642',	'Příjmení_642',	'1988-08-01',	'Zabírá místo'),
(667,	'Jméno_643',	'Příjmení_643',	'1988-08-01',	'Zabírá místo'),
(668,	'Jméno_644',	'Příjmení_644',	'1988-08-01',	'Zabírá místo'),
(669,	'Jméno_645',	'Příjmení_645',	'1988-08-01',	'Zabírá místo'),
(670,	'Jméno_646',	'Příjmení_646',	'1988-08-01',	'Zabírá místo'),
(671,	'Jméno_647',	'Příjmení_647',	'1988-08-01',	'Zabírá místo'),
(672,	'Jméno_648',	'Příjmení_648',	'1988-08-01',	'Zabírá místo'),
(673,	'Jméno_649',	'Příjmení_649',	'1988-08-01',	'Zabírá místo'),
(674,	'Jméno_650',	'Příjmení_650',	'1988-08-01',	'Zabírá místo'),
(675,	'Jméno_651',	'Příjmení_651',	'1988-08-01',	'Zabírá místo'),
(676,	'Jméno_652',	'Příjmení_652',	'1988-08-01',	'Zabírá místo'),
(677,	'Jméno_653',	'Příjmení_653',	'1988-08-01',	'Zabírá místo'),
(678,	'Jméno_654',	'Příjmení_654',	'1988-08-01',	'Zabírá místo'),
(679,	'Jméno_655',	'Příjmení_655',	'1988-08-01',	'Zabírá místo'),
(680,	'Jméno_656',	'Příjmení_656',	'1988-08-01',	'Zabírá místo'),
(681,	'Jméno_657',	'Příjmení_657',	'1988-08-01',	'Zabírá místo'),
(682,	'Jméno_658',	'Příjmení_658',	'1988-08-01',	'Zabírá místo'),
(683,	'Jméno_659',	'Příjmení_659',	'1988-08-01',	'Zabírá místo'),
(684,	'Jméno_660',	'Příjmení_660',	'1988-08-01',	'Zabírá místo'),
(685,	'Jméno_661',	'Příjmení_661',	'1988-08-01',	'Zabírá místo'),
(686,	'Jméno_662',	'Příjmení_662',	'1988-08-01',	'Zabírá místo'),
(687,	'Jméno_663',	'Příjmení_663',	'1988-08-01',	'Zabírá místo'),
(688,	'Jméno_664',	'Příjmení_664',	'1988-08-01',	'Zabírá místo'),
(689,	'Jméno_665',	'Příjmení_665',	'1988-08-01',	'Zabírá místo'),
(690,	'Jméno_666',	'Příjmení_666',	'1988-08-01',	'Zabírá místo'),
(691,	'Jméno_667',	'Příjmení_667',	'1988-08-01',	'Zabírá místo'),
(692,	'Jméno_668',	'Příjmení_668',	'1988-08-01',	'Zabírá místo'),
(693,	'Jméno_669',	'Příjmení_669',	'1988-08-01',	'Zabírá místo'),
(694,	'Jméno_670',	'Příjmení_670',	'1988-08-01',	'Zabírá místo'),
(695,	'Jméno_671',	'Příjmení_671',	'1988-08-01',	'Zabírá místo'),
(696,	'Jméno_672',	'Příjmení_672',	'1988-08-01',	'Zabírá místo'),
(697,	'Jméno_673',	'Příjmení_673',	'1988-08-01',	'Zabírá místo'),
(698,	'Jméno_674',	'Příjmení_674',	'1988-08-01',	'Zabírá místo'),
(699,	'Jméno_675',	'Příjmení_675',	'1988-08-01',	'Zabírá místo'),
(700,	'Jméno_676',	'Příjmení_676',	'1988-08-01',	'Zabírá místo'),
(701,	'Jméno_677',	'Příjmení_677',	'1988-08-01',	'Zabírá místo'),
(702,	'Jméno_678',	'Příjmení_678',	'1988-08-01',	'Zabírá místo'),
(703,	'Jméno_679',	'Příjmení_679',	'1988-08-01',	'Zabírá místo'),
(704,	'Jméno_680',	'Příjmení_680',	'1988-08-01',	'Zabírá místo'),
(705,	'Jméno_681',	'Příjmení_681',	'1988-08-01',	'Zabírá místo'),
(706,	'Jméno_682',	'Příjmení_682',	'1988-08-01',	'Zabírá místo'),
(707,	'Jméno_683',	'Příjmení_683',	'1988-08-01',	'Zabírá místo'),
(708,	'Jméno_684',	'Příjmení_684',	'1988-08-01',	'Zabírá místo'),
(709,	'Jméno_685',	'Příjmení_685',	'1988-08-01',	'Zabírá místo'),
(710,	'Jméno_686',	'Příjmení_686',	'1988-08-01',	'Zabírá místo'),
(711,	'Jméno_687',	'Příjmení_687',	'1988-08-01',	'Zabírá místo'),
(712,	'Jméno_688',	'Příjmení_688',	'1988-08-01',	'Zabírá místo'),
(713,	'Jméno_689',	'Příjmení_689',	'1988-08-01',	'Zabírá místo'),
(714,	'Jméno_690',	'Příjmení_690',	'1988-08-01',	'Zabírá místo'),
(715,	'Jméno_691',	'Příjmení_691',	'1988-08-01',	'Zabírá místo'),
(716,	'Jméno_692',	'Příjmení_692',	'1988-08-01',	'Zabírá místo'),
(717,	'Jméno_693',	'Příjmení_693',	'1988-08-01',	'Zabírá místo'),
(718,	'Jméno_694',	'Příjmení_694',	'1988-08-01',	'Zabírá místo'),
(719,	'Jméno_695',	'Příjmení_695',	'1988-08-01',	'Zabírá místo'),
(720,	'Jméno_696',	'Příjmení_696',	'1988-08-01',	'Zabírá místo'),
(721,	'Jméno_697',	'Příjmení_697',	'1988-08-01',	'Zabírá místo'),
(722,	'Jméno_698',	'Příjmení_698',	'1988-08-01',	'Zabírá místo'),
(723,	'Jméno_699',	'Příjmení_699',	'1988-08-01',	'Zabírá místo'),
(724,	'Jméno_700',	'Příjmení_700',	'1988-08-01',	'Zabírá místo'),
(725,	'Jméno_701',	'Příjmení_701',	'1988-08-01',	'Zabírá místo'),
(726,	'Jméno_702',	'Příjmení_702',	'1988-08-01',	'Zabírá místo'),
(727,	'Jméno_703',	'Příjmení_703',	'1988-08-01',	'Zabírá místo'),
(728,	'Jméno_704',	'Příjmení_704',	'1988-08-01',	'Zabírá místo'),
(729,	'Jméno_705',	'Příjmení_705',	'1988-08-01',	'Zabírá místo'),
(730,	'Jméno_706',	'Příjmení_706',	'1988-08-01',	'Zabírá místo'),
(731,	'Jméno_707',	'Příjmení_707',	'1988-08-01',	'Zabírá místo'),
(732,	'Jméno_708',	'Příjmení_708',	'1988-08-01',	'Zabírá místo'),
(733,	'Jméno_709',	'Příjmení_709',	'1988-08-01',	'Zabírá místo'),
(734,	'Jméno_710',	'Příjmení_710',	'1988-08-01',	'Zabírá místo'),
(735,	'Jméno_711',	'Příjmení_711',	'1988-08-01',	'Zabírá místo'),
(736,	'Jméno_712',	'Příjmení_712',	'1988-08-01',	'Zabírá místo'),
(737,	'Jméno_713',	'Příjmení_713',	'1988-08-01',	'Zabírá místo'),
(738,	'Jméno_714',	'Příjmení_714',	'1988-08-01',	'Zabírá místo'),
(739,	'Jméno_715',	'Příjmení_715',	'1988-08-01',	'Zabírá místo'),
(740,	'Jméno_716',	'Příjmení_716',	'1988-08-01',	'Zabírá místo'),
(741,	'Jméno_717',	'Příjmení_717',	'1988-08-01',	'Zabírá místo'),
(742,	'Jméno_718',	'Příjmení_718',	'1988-08-01',	'Zabírá místo'),
(743,	'Jméno_719',	'Příjmení_719',	'1988-08-01',	'Zabírá místo'),
(744,	'Jméno_720',	'Příjmení_720',	'1988-08-01',	'Zabírá místo'),
(745,	'Jméno_721',	'Příjmení_721',	'1988-08-01',	'Zabírá místo'),
(746,	'Jméno_722',	'Příjmení_722',	'1988-08-01',	'Zabírá místo'),
(747,	'Jméno_723',	'Příjmení_723',	'1988-08-01',	'Zabírá místo'),
(748,	'Jméno_724',	'Příjmení_724',	'1988-08-01',	'Zabírá místo'),
(749,	'Jméno_725',	'Příjmení_725',	'1988-08-01',	'Zabírá místo'),
(750,	'Jméno_726',	'Příjmení_726',	'1988-08-01',	'Zabírá místo'),
(751,	'Jméno_727',	'Příjmení_727',	'1988-08-01',	'Zabírá místo'),
(752,	'Jméno_728',	'Příjmení_728',	'1988-08-01',	'Zabírá místo'),
(753,	'Jméno_729',	'Příjmení_729',	'1988-08-01',	'Zabírá místo'),
(754,	'Jméno_730',	'Příjmení_730',	'1988-08-01',	'Zabírá místo'),
(755,	'Jméno_731',	'Příjmení_731',	'1988-08-01',	'Zabírá místo'),
(756,	'Jméno_732',	'Příjmení_732',	'1988-08-01',	'Zabírá místo'),
(757,	'Jméno_733',	'Příjmení_733',	'1988-08-01',	'Zabírá místo'),
(758,	'Jméno_734',	'Příjmení_734',	'1988-08-01',	'Zabírá místo'),
(759,	'Jméno_735',	'Příjmení_735',	'1988-08-01',	'Zabírá místo'),
(760,	'Jméno_736',	'Příjmení_736',	'1988-08-01',	'Zabírá místo'),
(761,	'Jméno_737',	'Příjmení_737',	'1988-08-01',	'Zabírá místo'),
(762,	'Jméno_738',	'Příjmení_738',	'1988-08-01',	'Zabírá místo'),
(763,	'Jméno_739',	'Příjmení_739',	'1988-08-01',	'Zabírá místo'),
(764,	'Jméno_740',	'Příjmení_740',	'1988-08-01',	'Zabírá místo'),
(765,	'Jméno_741',	'Příjmení_741',	'1988-08-01',	'Zabírá místo'),
(766,	'Jméno_742',	'Příjmení_742',	'1988-08-01',	'Zabírá místo'),
(767,	'Jméno_743',	'Příjmení_743',	'1988-08-01',	'Zabírá místo'),
(768,	'Jméno_744',	'Příjmení_744',	'1988-08-01',	'Zabírá místo'),
(769,	'Jméno_745',	'Příjmení_745',	'1988-08-01',	'Zabírá místo'),
(770,	'Jméno_746',	'Příjmení_746',	'1988-08-01',	'Zabírá místo'),
(771,	'Jméno_747',	'Příjmení_747',	'1988-08-01',	'Zabírá místo'),
(772,	'Jméno_748',	'Příjmení_748',	'1988-08-01',	'Zabírá místo'),
(773,	'Jméno_749',	'Příjmení_749',	'1988-08-01',	'Zabírá místo'),
(774,	'Jméno_750',	'Příjmení_750',	'1988-08-01',	'Zabírá místo'),
(775,	'Jméno_751',	'Příjmení_751',	'1988-08-01',	'Zabírá místo'),
(776,	'Jméno_752',	'Příjmení_752',	'1988-08-01',	'Zabírá místo'),
(777,	'Jméno_753',	'Příjmení_753',	'1988-08-01',	'Zabírá místo'),
(778,	'Jméno_754',	'Příjmení_754',	'1988-08-01',	'Zabírá místo'),
(779,	'Jméno_755',	'Příjmení_755',	'1988-08-01',	'Zabírá místo'),
(780,	'Jméno_756',	'Příjmení_756',	'1988-08-01',	'Zabírá místo'),
(781,	'Jméno_757',	'Příjmení_757',	'1988-08-01',	'Zabírá místo'),
(782,	'Jméno_758',	'Příjmení_758',	'1988-08-01',	'Zabírá místo'),
(783,	'Jméno_759',	'Příjmení_759',	'1988-08-01',	'Zabírá místo'),
(784,	'Jméno_760',	'Příjmení_760',	'1988-08-01',	'Zabírá místo'),
(785,	'Jméno_761',	'Příjmení_761',	'1988-08-01',	'Zabírá místo'),
(786,	'Jméno_762',	'Příjmení_762',	'1988-08-01',	'Zabírá místo'),
(787,	'Jméno_763',	'Příjmení_763',	'1988-08-01',	'Zabírá místo'),
(788,	'Jméno_764',	'Příjmení_764',	'1988-08-01',	'Zabírá místo'),
(789,	'Jméno_765',	'Příjmení_765',	'1988-08-01',	'Zabírá místo'),
(790,	'Jméno_766',	'Příjmení_766',	'1988-08-01',	'Zabírá místo'),
(791,	'Jméno_767',	'Příjmení_767',	'1988-08-01',	'Zabírá místo'),
(792,	'Jméno_768',	'Příjmení_768',	'1988-08-01',	'Zabírá místo'),
(793,	'Jméno_769',	'Příjmení_769',	'1988-08-01',	'Zabírá místo'),
(794,	'Jméno_770',	'Příjmení_770',	'1988-08-01',	'Zabírá místo'),
(795,	'Jméno_771',	'Příjmení_771',	'1988-08-01',	'Zabírá místo'),
(796,	'Jméno_772',	'Příjmení_772',	'1988-08-01',	'Zabírá místo'),
(797,	'Jméno_773',	'Příjmení_773',	'1988-08-01',	'Zabírá místo'),
(798,	'Jméno_774',	'Příjmení_774',	'1988-08-01',	'Zabírá místo'),
(799,	'Jméno_775',	'Příjmení_775',	'1988-08-01',	'Zabírá místo'),
(800,	'Jméno_776',	'Příjmení_776',	'1988-08-01',	'Zabírá místo'),
(801,	'Jméno_777',	'Příjmení_777',	'1988-08-01',	'Zabírá místo'),
(802,	'Jméno_778',	'Příjmení_778',	'1988-08-01',	'Zabírá místo'),
(803,	'Jméno_779',	'Příjmení_779',	'1988-08-01',	'Zabírá místo'),
(804,	'Jméno_780',	'Příjmení_780',	'1988-08-01',	'Zabírá místo'),
(805,	'Jméno_781',	'Příjmení_781',	'1988-08-01',	'Zabírá místo'),
(806,	'Jméno_782',	'Příjmení_782',	'1988-08-01',	'Zabírá místo'),
(807,	'Jméno_783',	'Příjmení_783',	'1988-08-01',	'Zabírá místo'),
(808,	'Jméno_784',	'Příjmení_784',	'1988-08-01',	'Zabírá místo'),
(809,	'Jméno_785',	'Příjmení_785',	'1988-08-01',	'Zabírá místo'),
(810,	'Jméno_786',	'Příjmení_786',	'1988-08-01',	'Zabírá místo'),
(811,	'Jméno_787',	'Příjmení_787',	'1988-08-01',	'Zabírá místo'),
(812,	'Jméno_788',	'Příjmení_788',	'1988-08-01',	'Zabírá místo'),
(813,	'Jméno_789',	'Příjmení_789',	'1988-08-01',	'Zabírá místo'),
(814,	'Jméno_790',	'Příjmení_790',	'1988-08-01',	'Zabírá místo'),
(815,	'Jméno_791',	'Příjmení_791',	'1988-08-01',	'Zabírá místo'),
(816,	'Jméno_792',	'Příjmení_792',	'1988-08-01',	'Zabírá místo'),
(817,	'Jméno_793',	'Příjmení_793',	'1988-08-01',	'Zabírá místo'),
(818,	'Jméno_794',	'Příjmení_794',	'1988-08-01',	'Zabírá místo'),
(819,	'Jméno_795',	'Příjmení_795',	'1988-08-01',	'Zabírá místo'),
(820,	'Jméno_796',	'Příjmení_796',	'1988-08-01',	'Zabírá místo'),
(821,	'Jméno_797',	'Příjmení_797',	'1988-08-01',	'Zabírá místo'),
(822,	'Jméno_798',	'Příjmení_798',	'1988-08-01',	'Zabírá místo'),
(823,	'Jméno_799',	'Příjmení_799',	'1988-08-01',	'Zabírá místo'),
(824,	'Jméno_800',	'Příjmení_800',	'1988-08-01',	'Zabírá místo'),
(825,	'Jméno_801',	'Příjmení_801',	'1988-08-01',	'Zabírá místo'),
(826,	'Jméno_802',	'Příjmení_802',	'1988-08-01',	'Zabírá místo'),
(827,	'Jméno_803',	'Příjmení_803',	'1988-08-01',	'Zabírá místo'),
(828,	'Jméno_804',	'Příjmení_804',	'1988-08-01',	'Zabírá místo'),
(829,	'Jméno_805',	'Příjmení_805',	'1988-08-01',	'Zabírá místo'),
(830,	'Jméno_806',	'Příjmení_806',	'1988-08-01',	'Zabírá místo'),
(831,	'Jméno_807',	'Příjmení_807',	'1988-08-01',	'Zabírá místo'),
(832,	'Jméno_808',	'Příjmení_808',	'1988-08-01',	'Zabírá místo'),
(833,	'Jméno_809',	'Příjmení_809',	'1988-08-01',	'Zabírá místo'),
(834,	'Jméno_810',	'Příjmení_810',	'1988-08-01',	'Zabírá místo'),
(835,	'Jméno_811',	'Příjmení_811',	'1988-08-01',	'Zabírá místo'),
(836,	'Jméno_812',	'Příjmení_812',	'1988-08-01',	'Zabírá místo'),
(837,	'Jméno_813',	'Příjmení_813',	'1988-08-01',	'Zabírá místo'),
(838,	'Jméno_814',	'Příjmení_814',	'1988-08-01',	'Zabírá místo'),
(839,	'Jméno_815',	'Příjmení_815',	'1988-08-01',	'Zabírá místo'),
(840,	'Jméno_816',	'Příjmení_816',	'1988-08-01',	'Zabírá místo'),
(841,	'Jméno_817',	'Příjmení_817',	'1988-08-01',	'Zabírá místo'),
(842,	'Jméno_818',	'Příjmení_818',	'1988-08-01',	'Zabírá místo'),
(843,	'Jméno_819',	'Příjmení_819',	'1988-08-01',	'Zabírá místo'),
(844,	'Jméno_820',	'Příjmení_820',	'1988-08-01',	'Zabírá místo'),
(845,	'Jméno_821',	'Příjmení_821',	'1988-08-01',	'Zabírá místo'),
(846,	'Jméno_822',	'Příjmení_822',	'1988-08-01',	'Zabírá místo'),
(847,	'Jméno_823',	'Příjmení_823',	'1988-08-01',	'Zabírá místo'),
(848,	'Jméno_824',	'Příjmení_824',	'1988-08-01',	'Zabírá místo'),
(849,	'Jméno_825',	'Příjmení_825',	'1988-08-01',	'Zabírá místo'),
(850,	'Jméno_826',	'Příjmení_826',	'1988-08-01',	'Zabírá místo'),
(851,	'Jméno_827',	'Příjmení_827',	'1988-08-01',	'Zabírá místo'),
(852,	'Jméno_828',	'Příjmení_828',	'1988-08-01',	'Zabírá místo'),
(853,	'Jméno_829',	'Příjmení_829',	'1988-08-01',	'Zabírá místo'),
(854,	'Jméno_830',	'Příjmení_830',	'1988-08-01',	'Zabírá místo'),
(855,	'Jméno_831',	'Příjmení_831',	'1988-08-01',	'Zabírá místo'),
(856,	'Jméno_832',	'Příjmení_832',	'1988-08-01',	'Zabírá místo'),
(857,	'Jméno_833',	'Příjmení_833',	'1988-08-01',	'Zabírá místo'),
(858,	'Jméno_834',	'Příjmení_834',	'1988-08-01',	'Zabírá místo'),
(859,	'Jméno_835',	'Příjmení_835',	'1988-08-01',	'Zabírá místo'),
(860,	'Jméno_836',	'Příjmení_836',	'1988-08-01',	'Zabírá místo'),
(861,	'Jméno_837',	'Příjmení_837',	'1988-08-01',	'Zabírá místo'),
(862,	'Jméno_838',	'Příjmení_838',	'1988-08-01',	'Zabírá místo'),
(863,	'Jméno_839',	'Příjmení_839',	'1988-08-01',	'Zabírá místo'),
(864,	'Jméno_840',	'Příjmení_840',	'1988-08-01',	'Zabírá místo'),
(865,	'Jméno_841',	'Příjmení_841',	'1988-08-01',	'Zabírá místo'),
(866,	'Jméno_842',	'Příjmení_842',	'1988-08-01',	'Zabírá místo'),
(867,	'Jméno_843',	'Příjmení_843',	'1988-08-01',	'Zabírá místo'),
(868,	'Jméno_844',	'Příjmení_844',	'1988-08-01',	'Zabírá místo'),
(869,	'Jméno_845',	'Příjmení_845',	'1988-08-01',	'Zabírá místo'),
(870,	'Jméno_846',	'Příjmení_846',	'1988-08-01',	'Zabírá místo'),
(871,	'Jméno_847',	'Příjmení_847',	'1988-08-01',	'Zabírá místo'),
(872,	'Jméno_848',	'Příjmení_848',	'1988-08-01',	'Zabírá místo'),
(873,	'Jméno_849',	'Příjmení_849',	'1988-08-01',	'Zabírá místo'),
(874,	'Jméno_850',	'Příjmení_850',	'1988-08-01',	'Zabírá místo'),
(875,	'Jméno_851',	'Příjmení_851',	'1988-08-01',	'Zabírá místo'),
(876,	'Jméno_852',	'Příjmení_852',	'1988-08-01',	'Zabírá místo'),
(877,	'Jméno_853',	'Příjmení_853',	'1988-08-01',	'Zabírá místo'),
(878,	'Jméno_854',	'Příjmení_854',	'1988-08-01',	'Zabírá místo'),
(879,	'Jméno_855',	'Příjmení_855',	'1988-08-01',	'Zabírá místo'),
(880,	'Jméno_856',	'Příjmení_856',	'1988-08-01',	'Zabírá místo'),
(881,	'Jméno_857',	'Příjmení_857',	'1988-08-01',	'Zabírá místo'),
(882,	'Jméno_858',	'Příjmení_858',	'1988-08-01',	'Zabírá místo'),
(883,	'Jméno_859',	'Příjmení_859',	'1988-08-01',	'Zabírá místo'),
(884,	'Jméno_860',	'Příjmení_860',	'1988-08-01',	'Zabírá místo'),
(885,	'Jméno_861',	'Příjmení_861',	'1988-08-01',	'Zabírá místo'),
(886,	'Jméno_862',	'Příjmení_862',	'1988-08-01',	'Zabírá místo'),
(887,	'Jméno_863',	'Příjmení_863',	'1988-08-01',	'Zabírá místo'),
(888,	'Jméno_864',	'Příjmení_864',	'1988-08-01',	'Zabírá místo'),
(889,	'Jméno_865',	'Příjmení_865',	'1988-08-01',	'Zabírá místo'),
(890,	'Jméno_866',	'Příjmení_866',	'1988-08-01',	'Zabírá místo'),
(891,	'Jméno_867',	'Příjmení_867',	'1988-08-01',	'Zabírá místo'),
(892,	'Jméno_868',	'Příjmení_868',	'1988-08-01',	'Zabírá místo'),
(893,	'Jméno_869',	'Příjmení_869',	'1988-08-01',	'Zabírá místo'),
(894,	'Jméno_870',	'Příjmení_870',	'1988-08-01',	'Zabírá místo'),
(895,	'Jméno_871',	'Příjmení_871',	'1988-08-01',	'Zabírá místo'),
(896,	'Jméno_872',	'Příjmení_872',	'1988-08-01',	'Zabírá místo'),
(897,	'Jméno_873',	'Příjmení_873',	'1988-08-01',	'Zabírá místo'),
(898,	'Jméno_874',	'Příjmení_874',	'1988-08-01',	'Zabírá místo'),
(899,	'Jméno_875',	'Příjmení_875',	'1988-08-01',	'Zabírá místo'),
(900,	'Jméno_876',	'Příjmení_876',	'1988-08-01',	'Zabírá místo'),
(901,	'Jméno_877',	'Příjmení_877',	'1988-08-01',	'Zabírá místo'),
(902,	'Jméno_878',	'Příjmení_878',	'1988-08-01',	'Zabírá místo'),
(903,	'Jméno_879',	'Příjmení_879',	'1988-08-01',	'Zabírá místo'),
(904,	'Jméno_880',	'Příjmení_880',	'1988-08-01',	'Zabírá místo'),
(905,	'Jméno_881',	'Příjmení_881',	'1988-08-01',	'Zabírá místo'),
(906,	'Jméno_882',	'Příjmení_882',	'1988-08-01',	'Zabírá místo'),
(907,	'Jméno_883',	'Příjmení_883',	'1988-08-01',	'Zabírá místo'),
(908,	'Jméno_884',	'Příjmení_884',	'1988-08-01',	'Zabírá místo'),
(909,	'Jméno_885',	'Příjmení_885',	'1988-08-01',	'Zabírá místo'),
(910,	'Jméno_886',	'Příjmení_886',	'1988-08-01',	'Zabírá místo'),
(911,	'Jméno_887',	'Příjmení_887',	'1988-08-01',	'Zabírá místo'),
(912,	'Jméno_888',	'Příjmení_888',	'1988-08-01',	'Zabírá místo'),
(913,	'Jméno_889',	'Příjmení_889',	'1988-08-01',	'Zabírá místo'),
(914,	'Jméno_890',	'Příjmení_890',	'1988-08-01',	'Zabírá místo'),
(915,	'Jméno_891',	'Příjmení_891',	'1988-08-01',	'Zabírá místo'),
(916,	'Jméno_892',	'Příjmení_892',	'1988-08-01',	'Zabírá místo'),
(917,	'Jméno_893',	'Příjmení_893',	'1988-08-01',	'Zabírá místo'),
(918,	'Jméno_894',	'Příjmení_894',	'1988-08-01',	'Zabírá místo'),
(919,	'Jméno_895',	'Příjmení_895',	'1988-08-01',	'Zabírá místo'),
(920,	'Jméno_896',	'Příjmení_896',	'1988-08-01',	'Zabírá místo'),
(921,	'Jméno_897',	'Příjmení_897',	'1988-08-01',	'Zabírá místo'),
(922,	'Jméno_898',	'Příjmení_898',	'1988-08-01',	'Zabírá místo'),
(923,	'Jméno_899',	'Příjmení_899',	'1988-08-01',	'Zabírá místo');

CREATE TABLE `logger` (
  `id` int unsigned NOT NULL AUTO_INCREMENT,
  `astro_tab_id` int unsigned NOT NULL,
  `action_id` int unsigned NOT NULL,
  `date` datetime NOT NULL,
  PRIMARY KEY (`id`),
  KEY `astro_tab_id` (`astro_tab_id`)
) ENGINE=InnoDB DEFAULT CHARSET=utf8mb3;

INSERT INTO `logger` (`id`, `astro_tab_id`, `action_id`, `date`) VALUES
(1,	925,	1,	'2025-11-08 19:11:34'),
(2,	925,	3,	'2025-11-08 19:26:32'),
(3,	925,	3,	'2025-11-08 20:05:06'),
(4,	925,	2,	'2025-11-08 20:19:39'),
(5,	926,	1,	'2025-11-08 20:19:53'),
(6,	927,	1,	'2025-11-08 20:21:28'),
(7,	928,	1,	'2025-11-08 20:22:03'),
(8,	929,	1,	'2025-11-08 20:24:17'),
(9,	930,	1,	'2025-11-08 20:24:51'),
(10,	928,	3,	'2025-11-08 20:25:19'),
(11,	926,	2,	'2025-11-08 20:25:26'),
(12,	928,	2,	'2025-11-08 20:25:31'),
(13,	927,	2,	'2025-11-08 20:25:35'),
(14,	929,	2,	'2025-11-08 20:25:39'),
(15,	930,	2,	'2025-11-08 20:25:42');

CREATE TABLE `logger_action` (
  `id` int unsigned NOT NULL AUTO_INCREMENT,
  `short_name` varchar(32) NOT NULL,
  PRIMARY KEY (`id`),
  UNIQUE KEY `short_name` (`short_name`)
) ENGINE=InnoDB DEFAULT CHARSET=utf8mb3;

INSERT INTO `logger_action` (`id`, `short_name`) VALUES
(1,	'added'),
(2,	'deleted'),
(3,	'updated');

-- 2025-11-08 20:31:46 UTC
